{
    "server": {
        "host": "127.0.0.1",
        "port": 6543
    },
    "orchestrator": {
        "hostname": "platform.uipath.com",
        "tenancyName": "<your tenancy>",
        "usernameOrEmailAddress": "admin",
        "password": "<password>"
    },
    "dialogflow": {
        "token": "<dialogflow token>"
    },
    "log": {
        "appenders": {
            "console": {"type": "console"}
        },
        "categories": {
            "default": {"appenders": ["console"], "level": "trace"}
        },
        "replaceConsole": true
    }
}
